part_id,part_family,criticality_class,unit_cost,lead_time_days,supplier_id_primary,supplier_risk_class,is_repairable,avg_demand,demand_std,total_demand,max_demand,avg_inventory,avg_backorder,total_backorder,avg_blocked,inventory_coverage,avg_delay_days,late_delivery_rate,fill_rate,quality_incidents,total_scrap,avg_scrap
P00001,Electrical,B,2323.45,27,SUP004,Low,No,1.8012820512820513,1.8744092720888017,1686,14,13.942307692307692,0.013888888888888888,13,0.009615384615384616,7.740213523131672,0.5977011494252874,0.5287356321839081,0.9769696969696969,1.0,1.0,1.0
P00002,Cabin,C,670.84,31,SUP028,Low,No,6.469017094017094,5.76520092509007,6055,48,41.60683760683761,0.030982905982905984,29,0.056623931623931624,6.431709331131297,0.0,0.3826530612244898,0.9761977886977887,1.0,2.0,2.0
P00003,Avionics,C,219.44,49,SUP040,Medium,Yes,3.797008547008547,3.722087796613919,3554,35,54.19871794871795,0.0,0,0.09081196581196581,14.27405740011255,1.66875,0.64375,0.9597572660491855,4.0,4.0,1.0
P00004,Electrical,A,12488.8,33,SUP034,Low,No,0.6976495726495726,1.0213940505412693,653,9,8.51602564102564,0.009615384615384616,9,0.009615384615384616,12.206738131699847,0.4166666666666667,0.5,1.0,2.0,2.0,1.0
P00005,Cabin,C,1319.96,63,SUP024,Medium,No,7.0010683760683765,5.573715907523419,6553,42,129.87286324786325,0.0,0,0.1655982905982906,18.550434915305967,1.855072463768116,0.6811594202898551,0.9730410309583766,3.0,3.0,1.0
P00006,Cabin,C,665.36,68,SUP002,Medium,No,5.512820512820513,4.639039887049067,5160,47,117.32158119658119,0.0,0,0.12179487179487179,21.28158914728682,2.393782383419689,0.7461139896373057,0.9737242955064738,3.0,7.0,2.3333333333333335
P00007,Fasteners,B,2665.22,46,SUP040,Medium,No,2.2895299145299144,2.335161914976697,2143,20,38.87286324786325,0.0,0,0.07585470085470085,16.978534764349046,1.9181818181818182,0.6363636363636364,0.9606953892668179,1.0,1.0,1.0
P00008,Avionics,C,289.66,50,SUP018,Medium,Yes,3.4743589743589745,3.449774791593044,3252,39,49.052350427350426,0.0,0,0.029914529914529916,14.118388683886838,1.8410596026490067,0.6622516556291391,0.9665995975855131,1.0,1.0,1.0
P00009,Structure,A,3012.47,22,SUP012,Low,No,0.9583333333333334,1.2510423461544602,897,9,6.443376068376068,0.030982905982905984,29,0.007478632478632479,6.723522853957636,0.043478260869565216,0.391304347826087,0.9815668202764977,0.0,0.0,0.0
P00010,Electrical,C,1488.91,33,SUP036,Low,No,2.324786324786325,2.7191664650135894,2176,30,19.07905982905983,0.018162393162393164,17,0.027777777777777776,8.206801470588236,0.36792452830188677,0.42452830188679247,0.9847272727272727,0.0,0.0,0.0
P00011,Fasteners,C,538.02,40,SUP030,Low,No,3.0608974358974357,3.143200597462157,2865,39,29.64316239316239,0.0010683760683760685,1,0.06303418803418803,9.684467713787086,0.15602836879432624,0.3617021276595745,0.9844251030691709,2.0,3.0,1.5
P00012,Engine,C,355.03,49,SUP030,Low,Yes,0.7852564102564102,1.5676667967142646,735,12,8.819444444444445,0.013888888888888888,13,0.009615384615384616,11.231292517006803,0.42105263157894735,0.47368421052631576,0.9937106918238994,2.0,2.0,1.0
P00013,Avionics,A,1751.39,33,SUP012,Low,No,0.4594017094017094,0.9537190165458268,430,7,5.461538461538462,0.008547008547008548,8,0.005341880341880342,11.888372093023257,-0.14285714285714285,0.35714285714285715,1.0,0.0,0.0,0.0
P00014,Hydraulics,C,188.1,46,SUP040,Medium,Yes,2.052350427350427,1.9683144690983314,1921,19,29.382478632478634,0.0,0,0.03311965811965812,14.316501821967726,1.6363636363636365,0.6565656565656566,0.9711620016963528,0.0,0.0,0.0
P00015,Engine,A,3003.43,36,SUP019,Low,No,0.4465811965811966,0.685471116987137,418,4,5.326923076923077,0.0010683760683760685,1,0.00641025641025641,11.928229665071768,1.6153846153846154,0.7307692307692307,0.9672131147540983,1.0,1.0,1.0
P00016,LandingGear,B,2044.15,15,SUP022,Low,Yes,2.327991452991453,2.2320721587466656,2179,17,7.506410256410256,0.2264957264957265,212,0.018162393162393164,3.2244148692060577,0.13513513513513514,0.3783783783783784,0.9857239972807614,0.0,0.0,0.0
P00017,Cabin,A,6462.47,44,SUP031,Low,No,1.7264957264957266,2.0339321801256562,1616,18,26.73076923076923,0.0,0,0.008547008547008548,15.482673267326732,0.6707317073170732,0.524390243902439,0.9891566265060241,0.0,0.0,0.0
P00018,Cabin,C,1153.39,44,SUP027,Medium,No,5.704059829059829,4.978566313467476,5339,38,71.55021367521367,0.0,0,0.10897435897435898,12.543734781794344,1.9310344827586208,0.6945812807881774,0.9656301145662848,2.0,3.0,1.5
P00019,Fasteners,B,2838.25,34,SUP007,Low,No,2.4786324786324787,2.620277294705127,2320,18,24.39957264957265,0.0010683760683760685,1,0.024572649572649572,9.84396551724138,0.25862068965517243,0.4396551724137931,0.9682179341657208,0.0,0.0,0.0
P00020,Hydraulics,C,295.4,46,SUP013,Medium,Yes,0.8792735042735043,1.6775835390414993,823,17,12.335470085470085,0.019230769230769232,18,0.018162393162393164,14.029161603888214,1.9047619047619047,0.7619047619047619,0.9461077844311377,2.0,2.0,1.0
P00021,Hydraulics,C,415.37,49,SUP015,Medium,Yes,0.9337606837606838,1.7249019695908994,874,12,12.97008547008547,0.0010683760683760685,1,0.01282051282051282,13.890160183066362,1.6,0.6222222222222222,0.9163179916317992,2.0,2.0,1.0
P00022,Hydraulics,A,5429.21,49,SUP038,Medium,Yes,0.6111111111111112,0.9287127797189547,572,5,12.351495726495726,0.0,0,0.009615384615384616,20.21153846153846,2.272727272727273,0.6363636363636364,1.0,1.0,1.0,1.0
P00023,Structure,A,2333.09,40,SUP029,Low,No,0.936965811965812,1.252710849995416,877,7,14.385683760683762,0.0010683760683760685,1,0.01282051282051282,15.353477765108325,0.5777777777777777,0.4666666666666667,0.9954545454545455,0.0,0.0,0.0
P00024,Fasteners,A,7635.37,45,SUP015,Medium,No,0.936965811965812,1.197716625670476,877,9,16.351495726495727,0.0,0,0.0010683760683760685,17.451539338654506,2.8444444444444446,0.8666666666666667,0.9439252336448598,2.0,2.0,1.0
P00025,Structure,C,449.8,37,SUP030,Low,No,3.9626068376068377,4.333144396729129,3709,45,31.311965811965813,0.009615384615384616,9,0.03418803418803419,7.901860339714209,0.3815789473684211,0.4342105263157895,0.9871175523349437,2.0,2.0,1.0
P00026,Fasteners,C,1094.97,35,SUP030,Low,No,3.233974358974359,2.7849403291228687,3027,21,26.47222222222222,0.005341880341880342,5,0.04487179487179487,8.185662371985464,0.487012987012987,0.4675324675324675,0.9809917355371901,2.0,2.0,1.0
P00027,Avionics,B,850.73,43,SUP016,Medium,No,3.1324786324786325,3.214201882716525,2932,23,45.330128205128204,0.0,0,0.05555555555555555,14.471009549795362,2.2384615384615385,0.7153846153846154,0.9741273100616017,1.0,1.0,1.0
P00028,Engine,C,471.91,30,SUP017,Low,Yes,1.7126068376068375,1.9800316637980915,1603,19,10.707264957264957,0.023504273504273504,22,0.01282051282051282,6.252027448533999,0.6829268292682927,0.524390243902439,0.9908376963350786,1.0,2.0,2.0
P00029,Structure,A,4196.96,33,SUP036,Low,No,0.8568376068376068,1.0791243426326216,802,8,10.553418803418804,0.0010683760683760685,1,0.01282051282051282,12.316708229426435,0.12195121951219512,0.3902439024390244,0.9772727272727273,1.0,1.0,1.0
P00030,Hydraulics,C,294.96,50,SUP023,Medium,Yes,2.108974358974359,2.315925939582396,1974,18,29.674145299145298,0.0,0,0.021367521367521368,14.070415400202632,2.3465346534653464,0.7524752475247525,0.9606234618539786,1.0,1.0,1.0
P00031,Engine,C,472.16,59,SUP006,Medium,No,1.814102564102564,1.7512879435224553,1698,12,29.88354700854701,0.0,0,0.041666666666666664,16.472909305064782,1.735632183908046,0.5977011494252874,0.9714285714285714,1.0,1.0,1.0
P00032,Electrical,C,991.12,35,SUP029,Low,No,1.107905982905983,2.1022273636496926,1037,16,8.466880341880342,0.07158119658119658,67,0.010683760683760684,7.642237222757956,0.037037037037037035,0.4074074074074074,0.974025974025974,0.0,0.0,0.0
P00033,Hydraulics,C,276.87,49,SUP024,Medium,No,2.1688034188034186,2.3485867999791754,2030,18,30.802350427350426,0.0,0,0.02564102564102564,14.202463054187193,2.156862745098039,0.6764705882352942,0.9664153529814942,1.0,1.0,1.0
P00034,Fasteners,C,684.58,57,SUP021,Medium,No,1.3707264957264957,2.4919888554318796,1283,20,22.478632478632477,0.0,0,0.013888888888888888,16.399064692127823,2.4615384615384617,0.7692307692307693,0.957345971563981,0.0,0.0,0.0
P00035,Hydraulics,A,4780.74,40,SUP030,Low,No,0.7019230769230769,1.0576113427745006,657,12,10.594017094017094,0.0,0,0.007478632478632479,15.092846270928463,-0.1111111111111111,0.4722222222222222,0.9572649572649573,1.0,1.0,1.0
P00036,Structure,B,855.05,34,SUP037,Low,No,2.6816239316239314,2.457581074899613,2510,19,26.556623931623932,0.019230769230769232,18,0.04487179487179487,9.903187250996016,0.265625,0.4140625,0.974152785755313,3.0,3.0,1.0
P00037,Electrical,A,6621.05,37,SUP014,Medium,No,0.7051282051282052,1.0220119533272234,660,7,9.976495726495726,0.0,0,0.009615384615384616,14.148484848484847,2.1176470588235294,0.7352941176470589,0.9772727272727273,0.0,0.0,0.0
P00038,Fasteners,C,1144.08,24,SUP017,Low,No,3.128205128205128,2.677818448158851,2928,20,13.981837606837606,0.11217948717948718,105,0.017094017094017096,4.469603825136612,0.3904109589041096,0.4315068493150685,0.9802224969097652,1.0,1.0,1.0
P00039,LandingGear,C,1599.03,27,SUP008,Low,Yes,2.5373931623931623,2.5455615644515635,2375,22,15.971153846153847,0.06196581196581197,58,0.021367521367521368,6.294315789473685,0.2601626016260163,0.44715447154471544,0.9759740259740259,1.0,1.0,1.0
P00040,Structure,C,166.51,61,SUP026,Medium,No,3.08974358974359,2.9600660381529056,2892,22,58.39636752136752,0.0,0,0.0673076923076923,18.900069156293224,2.2291666666666665,0.6805555555555556,0.9639746634996041,2.0,2.0,1.0
P00041,Fasteners,C,700.78,24,SUP017,Low,No,2.699786324786325,2.489473014540014,2527,17,12.688034188034187,0.050213675213675216,47,0.019230769230769232,4.69964384645825,-0.06976744186046512,0.3643410852713178,0.9932356257046223,1.0,1.0,1.0
P00042,Fasteners,B,2238.82,42,SUP014,Medium,No,2.5822649572649574,2.6523454655757046,2417,20,37.41025641025641,0.0,0,0.016025641025641024,14.487381050889532,2.0330578512396693,0.6776859504132231,0.9626604434072346,2.0,2.0,1.0
P00043,Electrical,C,1779.33,21,SUP028,Low,No,0.9081196581196581,1.712520202651681,850,15,3.7767094017094016,0.1420940170940171,133,0.004273504273504274,4.158823529411765,0.3333333333333333,0.4222222222222222,0.9852216748768473,1.0,1.0,1.0
P00044,Hydraulics,B,1222.57,25,SUP017,Low,Yes,1.732905982905983,1.981526040700668,1622,15,13.567307692307692,0.021367521367521368,20,0.022435897435897436,7.8292231812577056,-0.3170731707317073,0.32926829268292684,0.9833759590792839,1.0,1.0,1.0
P00045,Fasteners,B,4045.15,29,SUP019,Low,No,2.08974358974359,1.940412200120371,1956,14,15.805555555555555,0.00641025641025641,6,0.0202991452991453,7.563394683026584,-0.18181818181818182,0.37373737373737376,0.9838709677419355,0.0,0.0,0.0
P00046,Avionics,C,174.12,51,SUP018,Medium,No,3.5961538461538463,3.2459511849414207,3366,28,53.832264957264954,0.0,0,0.09829059829059829,14.969399881164586,1.7852760736196318,0.6932515337423313,0.967412771560237,4.0,4.0,1.0
P00047,Avionics,C,175.38,47,SUP011,Low,Yes,1.4626068376068375,2.37785937961336,1369,15,16.83653846153846,0.004273504273504274,4,0.011752136752136752,11.511322132943754,0.5714285714285714,0.4714285714285714,0.9691119691119691,2.0,2.0,1.0
P00048,Fasteners,C,1384.03,63,SUP006,Medium,No,3.341880341880342,3.0581876235356815,3128,21,63.19230769230769,0.0,0,0.0876068376068376,18.90920716112532,2.6623376623376624,0.7402597402597403,0.9592211609110948,2.0,2.0,1.0
P00049,Fasteners,A,10717.62,45,SUP034,Low,No,0.9946581196581197,1.2240780839963188,931,9,14.933760683760683,0.005341880341880342,5,0.014957264957264958,15.013963480128893,-0.2978723404255319,0.2978723404255319,0.9686274509803922,0.0,0.0,0.0
P00050,Structure,C,448.26,36,SUP004,Low,No,1.3856837606837606,2.85060612044113,1297,30,11.35576923076923,0.09081196581196581,85,0.017094017094017096,8.195065535851965,0.4696969696969697,0.5,0.9652351738241309,0.0,0.0,0.0
P00051,LandingGear,A,8954.31,39,SUP013,Medium,Yes,0.8963675213675214,1.113335619995829,839,8,15.965811965811966,0.0,0,0.026709401709401708,17.811680572109655,2.4285714285714284,0.8095238095238095,0.9625668449197861,1.0,1.0,1.0
P00052,Electrical,C,1176.07,28,SUP027,Medium,No,2.4369658119658117,2.7696369350099133,2281,36,19.213675213675213,0.0010683760683760685,1,0.027777777777777776,7.884261288908374,1.4655172413793103,0.603448275862069,0.9495268138801262,1.0,1.0,1.0
P00053,Engine,C,501.15,65,SUP006,Medium,No,0.7029914529914529,1.312804738824403,658,10,13.301282051282051,0.0,0,0.02564102564102564,18.9209726443769,2.5142857142857142,0.6571428571428571,0.957983193277311,1.0,1.0,1.0
P00054,Fasteners,B,4059.97,38,SUP027,Medium,No,2.4615384615384617,2.572710629578433,2304,21,30.125,0.0,0,0.03952991452991453,12.23828125,2.4358974358974357,0.7264957264957265,0.9711124769514444,2.0,2.0,1.0
P00055,Structure,A,4354.59,34,SUP030,Low,No,0.7403846153846154,1.0505478385126978,693,8,9.006410256410257,0.002136752136752137,2,0.022435897435897436,12.164502164502165,0.8333333333333334,0.5277777777777778,0.9682539682539683,0.0,0.0,0.0
P00056,Cabin,B,1158.25,49,SUP027,Medium,No,5.419871794871795,4.46040097770835,5073,41,93.25320512820512,0.0,0,0.12072649572649573,17.205795387344764,1.7448979591836735,0.6224489795918368,0.9591605218377766,4.0,7.0,1.75
P00057,Avionics,C,118.18,56,SUP013,Medium,Yes,3.6955128205128207,3.581625889845103,3459,25,61.495726495726494,0.0,0,0.056623931623931624,16.640647586007514,2.0,0.6477987421383647,0.9663359319631467,1.0,1.0,1.0
P00058,Hydraulics,B,1572.49,41,SUP001,Low,Yes,1.8557692307692308,2.1927271243535467,1737,16,22.365384615384617,0.0010683760683760685,1,0.028846153846153848,12.05181347150259,0.1797752808988764,0.3707865168539326,0.9839285714285714,0.0,0.0,0.0
P00059,Cabin,C,1183.97,46,SUP036,Low,No,5.252136752136752,4.557006209106478,4916,32,62.80662393162393,0.0,0,0.06303418803418803,11.958299430431245,0.3768844221105528,0.4271356783919598,0.9882829143587558,0.0,0.0,0.0
P00060,Cabin,C,546.59,52,SUP014,Medium,No,6.544871794871795,5.28079107918961,6126,42,92.79380341880342,0.0,0,0.0641025641025641,14.178093372510611,2.0297029702970297,0.7029702970297029,0.9771371769383698,2.0,2.0,1.0
P00061,Structure,C,192.94,82,SUP033,High,No,1.1036324786324787,2.017821043662897,1033,13,33.004273504273506,0.0,0,0.023504273504273504,29.90513068731849,6.60377358490566,0.9811320754716981,0.9180790960451978,1.0,1.0,1.0
P00062,Electrical,A,9803.25,24,SUP008,Low,No,0.3173076923076923,0.6943312216306704,297,4,1.985042735042735,0.03952991452991453,37,0.002136752136752137,6.255892255892256,-0.20833333333333334,0.375,0.9736842105263158,0.0,0.0,0.0
P00063,Avionics,C,359.45,36,SUP007,Low,No,3.0993589743589745,2.625208851459316,2901,17,24.99145299145299,0.0,0,0.03311965811965812,8.063426404688038,0.28859060402684567,0.4563758389261745,0.9809020723283218,0.0,0.0,0.0
P00064,Structure,B,1813.76,29,SUP032,Low,No,2.0555555555555554,2.0315982778801716,1924,13,15.885683760683762,0.005341880341880342,5,0.0202991452991453,7.72817047817048,-0.01,0.43,0.9895287958115183,1.0,1.0,1.0
P00065,Fasteners,C,1417.61,47,SUP038,Medium,No,1.454059829059829,2.634210263829317,1361,23,20.844017094017094,0.0,0,0.0202991452991453,14.335047759000735,1.8970588235294117,0.6911764705882353,0.9508196721311475,1.0,1.0,1.0
P00066,Fasteners,C,1038.9,32,SUP035,Low,No,1.4123931623931625,2.460123956556183,1322,18,11.675213675213675,0.06517094017094018,61,0.013888888888888888,8.26626323751891,0.3235294117647059,0.45588235294117646,0.9720930232558139,0.0,0.0,0.0
P00067,LandingGear,C,788.2,27,SUP031,Low,Yes,2.4444444444444446,2.3544499025110603,2288,17,15.252136752136753,0.05128205128205128,48,0.019230769230769232,6.239510489510489,0.2457627118644068,0.4152542372881356,0.9795779441797141,0.0,0.0,0.0
P00068,LandingGear,C,1081.77,24,SUP010,Low,Yes,2.8547008547008548,2.949166349395315,2672,21,12.918803418803419,0.14957264957264957,140,0.009615384615384616,4.525449101796407,0.648854961832061,0.48091603053435117,0.9744578313253012,0.0,0.0,0.0
P00069,Avionics,A,2074.07,35,SUP037,Low,Yes,1.3472222222222223,1.6643968501017532,1261,13,16.846153846153847,0.0,0,0.007478632478632479,12.50436161776368,0.15625,0.421875,0.9759036144578314,2.0,2.0,1.0
P00070,Electrical,C,747.93,26,SUP027,Medium,No,2.7243589743589745,2.884011728966749,2550,25,21.583333333333332,0.03632478632478633,34,0.053418803418803416,7.92235294117647,2.53125,0.7421875,0.9774072081764389,3.0,3.0,1.0
P00071,Avionics,B,1389.28,33,SUP007,Low,Yes,2.5053418803418803,2.2619789950178384,2345,19,25.16025641025641,0.0,0,0.008547008547008548,10.042643923240938,0.46218487394957986,0.47058823529411764,0.9791258969341161,0.0,0.0,0.0
P00072,Fasteners,B,5776.32,53,SUP006,Medium,No,2.155982905982906,2.189236307574553,2018,18,43.02777777777778,0.0,0,0.057692307692307696,19.957383548067394,2.375,0.7596153846153846,0.9830508474576272,4.0,5.0,1.25
P00073,Avionics,A,3427.65,33,SUP035,Low,Yes,1.125,1.2992696426369992,1053,10,13.865384615384615,0.0,0,0.021367521367521368,12.324786324786324,-0.16666666666666666,0.42592592592592593,1.0,0.0,0.0,0.0
P00074,Electrical,A,6860.32,22,SUP012,Low,No,0.7510683760683761,1.0802054328403898,703,11,4.990384615384615,0.009615384615384616,9,0.004273504273504274,6.644381223328591,0.5833333333333334,0.4722222222222222,0.9534883720930233,0.0,0.0,0.0
P00075,Engine,B,1671.55,44,SUP031,Low,No,1.2126068376068375,1.3854442864750858,1135,8,14.438034188034187,0.0,0,0.01282051282051282,11.906607929515419,-0.06896551724137931,0.3793103448275862,0.9888888888888889,0.0,0.0,0.0
P00076,Structure,B,1209.39,52,SUP006,Medium,No,1.8557692307692308,2.0505715509891473,1737,20,30.98076923076923,0.0,0,0.021367521367521368,16.694300518134714,2.067415730337079,0.6853932584269663,0.9448621553884712,1.0,1.0,1.0
P00077,Fasteners,B,3610.51,32,SUP012,Low,No,2.450854700854701,2.361849025553346,2294,19,24.351495726495727,0.005341880341880342,5,0.014957264957264958,9.9359197907585,-0.3017241379310345,0.35344827586206895,0.9890988372093024,0.0,0.0,0.0
P00078,Electrical,C,1652.36,18,SUP012,Low,No,2.4722222222222223,2.5906615053025424,2314,23,10.456196581196581,0.11431623931623931,107,0.008547008547008548,4.229472774416594,0.4322033898305085,0.4915254237288136,0.9924760601915185,1.0,1.0,1.0
P00079,Electrical,C,1332.7,19,SUP012,Low,No,2.486111111111111,2.6378202483314572,2327,18,11.150641025641026,0.125,117,0.01282051282051282,4.485174043833261,0.26785714285714285,0.4107142857142857,0.9890377588306942,1.0,1.0,1.0
P00080,Cabin,B,2645.52,46,SUP027,Medium,No,4.313034188034188,3.843639232363327,4037,33,72.5267094017094,0.0,0,0.1752136752136752,16.815704731236064,2.073446327683616,0.7062146892655368,0.9571038251366121,6.0,7.0,1.1666666666666667
P00081,Electrical,B,3484.88,22,SUP037,Low,No,1.8034188034188035,1.9358230185570853,1688,15,10.001068376068377,0.03952991452991453,37,0.002136752136752137,5.545616113744076,0.20454545454545456,0.4318181818181818,0.9730094466936572,0.0,0.0,0.0
P00082,Electrical,B,3141.79,28,SUP037,Low,No,2.139957264957265,2.370646158060691,2003,18,17.0,0.016025641025641024,15,0.007478632478632479,7.944083874188717,0.32673267326732675,0.43564356435643564,0.9893917963224894,3.0,3.0,1.0
P00083,Fasteners,C,633.81,36,SUP030,Low,No,3.342948717948718,2.693409159418811,3129,19,26.995726495726494,0.029914529914529916,28,0.022435897435897436,8.075423457973793,0.03773584905660377,0.4276729559748428,0.9864024864024864,2.0,2.0,1.0
P00084,Avionics,B,698.37,56,SUP009,Medium,No,3.215811965811966,2.732338714000844,3010,24,63.090811965811966,0.0,0,0.050213675213675216,19.61893687707641,2.2933333333333334,0.7466666666666667,0.9565404475043029,3.0,6.0,2.0
P00085,Cabin,A,5707.21,46,SUP039,Medium,No,1.7638888888888888,1.892518183339894,1651,13,37.2991452991453,0.0,0,0.007478632478632479,21.145972138098124,2.130952380952381,0.6428571428571429,0.951856946354883,0.0,0.0,0.0
P00086,Cabin,B,1304.63,34,SUP022,Low,No,4.950854700854701,4.5644217369530296,4634,43,50.01068376068376,0.0,0,0.04700854700854701,10.101424255502804,0.010362694300518135,0.41968911917098445,0.9717149220489978,0.0,0.0,0.0
P00087,Fasteners,B,5571.11,23,SUP022,Low,No,1.1901709401709402,2.1801608076513066,1114,18,6.114316239316239,0.12179487179487179,114,0.005341880341880342,5.137342908438061,0.24561403508771928,0.49122807017543857,0.9821428571428571,0.0,0.0,0.0
P00088,Structure,B,1770.73,34,SUP029,Low,No,2.360042735042735,2.1031337957623246,2209,14,23.107905982905983,0.00641025641025641,6,0.024572649572649572,9.791308284291535,0.3684210526315789,0.41228070175438597,0.9898832684824903,1.0,1.0,1.0
P00089,Cabin,C,1257.21,48,SUP031,Low,No,2.644230769230769,4.533951405063804,2475,38,31.307692307692307,0.00641025641025641,6,0.042735042735042736,11.84,0.36885245901639346,0.4672131147540984,0.9878587196467992,0.0,0.0,0.0
P00090,Avionics,C,283.75,39,SUP039,Medium,Yes,1.4113247863247864,2.5510069223603526,1321,24,16.7232905982906,0.027777777777777776,26,0.0202991452991453,11.849356548069645,1.838235294117647,0.6617647058823529,0.9418386491557224,2.0,2.0,1.0
P00091,Electrical,C,1711.8,42,SUP024,Medium,No,2.5673076923076925,2.565038410733783,2403,20,32.175213675213676,0.0,0,0.010683760683760684,12.532667498959633,1.9338842975206612,0.6611570247933884,0.9635949943117179,6.0,6.0,1.0
P00092,Avionics,C,260.6,49,SUP025,Medium,Yes,1.8888888888888888,3.271730223774546,1768,29,26.51388888888889,0.008547008547008548,8,0.0202991452991453,14.036764705882353,2.6666666666666665,0.7777777777777778,0.9462719298245614,0.0,0.0,0.0
P00093,Engine,C,509.04,42,SUP030,Low,No,1.4433760683760684,1.542620498287517,1351,11,13.856837606837606,0.003205128205128205,3,0.010683760683760684,9.600296076980015,-0.391304347826087,0.30434782608695654,0.9678571428571429,0.0,0.0,0.0
P00094,LandingGear,B,1920.47,29,SUP011,Low,Yes,2.2061965811965814,2.0753722840647733,2065,16,17.30982905982906,0.028846153846153848,27,0.019230769230769232,7.846004842615011,0.02830188679245283,0.37735849056603776,0.9882032667876588,1.0,1.0,1.0
P00095,Engine,C,544.85,56,SUP013,Medium,Yes,1.8664529914529915,2.128067241894186,1747,13,30.575854700854702,0.0,0,0.018162393162393164,16.38179736691471,1.6629213483146068,0.6179775280898876,0.9697525206232814,0.0,0.0,0.0
P00096,Engine,C,484.29,72,SUP026,Medium,Yes,0.8055555555555556,1.5031557218674994,754,12,16.58653846153846,0.0,0,0.016025641025641024,20.59018567639257,1.7,0.675,0.9832402234636871,1.0,1.0,1.0
P00097,Hydraulics,B,701.96,43,SUP003,Medium,No,1.6036324786324787,1.7329606361333947,1501,12,22.471153846153847,0.0,0,0.0202991452991453,14.012658227848101,2.076923076923077,0.717948717948718,0.977645305514158,2.0,2.0,1.0
P00098,Electrical,C,1048.02,43,SUP013,Medium,No,1.1591880341880343,2.3567586239715244,1085,28,13.78525641025641,0.00641025641025641,6,0.009615384615384616,11.892165898617511,1.8727272727272728,0.7090909090909091,0.9571788413098237,2.0,2.0,1.0
P00099,Engine,B,1205.13,51,SUP029,Low,Yes,0.6314102564102564,1.2782995633871024,591,10,8.280982905982906,0.002136752136752137,2,0.005341880341880342,13.115059221658207,0.42424242424242425,0.48484848484848486,0.9363636363636364,0.0,0.0,0.0
P00100,Avionics,C,486.84,43,SUP040,Medium,No,3.6538461538461537,3.060153810025231,3420,28,45.7991452991453,0.0,0,0.05448717948717949,12.534502923976609,1.8383233532934131,0.6646706586826348,0.9619565217391305,2.0,3.0,1.5
P00101,Cabin,C,1068.38,62,SUP021,Medium,No,6.84508547008547,6.758677321567592,6407,64,128.6346153846154,0.0,0,0.11431623931623931,18.79225846730139,2.0591133004926108,0.6748768472906403,0.9556679559654865,4.0,6.0,1.5
P00102,Electrical,C,1071.25,30,SUP016,Medium,No,1.0715811965811965,2.130050854211798,1003,21,7.844017094017094,0.07264957264957266,68,0.00641025641025641,7.320039880358923,1.7115384615384615,0.6730769230769231,0.9514285714285714,3.0,3.0,1.0
P00103,Fasteners,C,1290.9,42,SUP018,Medium,No,3.4316239316239314,3.2440194140843355,3212,23,41.81837606837607,0.0,0,0.057692307692307696,12.186176836861769,1.9602649006622517,0.6754966887417219,0.9597633136094674,3.0,3.0,1.0
P00104,Engine,C,481.56,29,SUP028,Low,Yes,1.9925213675213675,2.2206969204232183,1865,20,12.257478632478632,0.0438034188034188,41,0.011752136752136752,6.151742627345844,-0.05263157894736842,0.45263157894736844,0.9754901960784313,0.0,0.0,0.0
P00105,Structure,C,344.57,22,SUP022,Low,No,1.1634615384615385,2.0574607642383103,1089,17,5.198717948717949,0.2094017094017094,196,0.003205128205128205,4.46831955922865,0.7678571428571429,0.5357142857142857,0.9695121951219512,0.0,0.0,0.0
P00106,Avionics,C,177.67,49,SUP001,Low,Yes,1.3942307692307692,2.3995384685802863,1305,20,15.760683760683762,0.01282051282051282,12,0.029914529914529916,11.304214559386974,0.2537313432835821,0.417910447761194,0.9959514170040485,1.0,1.0,1.0
P00107,Engine,B,1175.42,36,SUP022,Low,Yes,1.2756410256410255,1.4562733977407896,1194,9,12.088675213675213,0.005341880341880342,5,0.0202991452991453,9.476549413735343,0.45901639344262296,0.4918032786885246,0.9742857142857143,2.0,2.0,1.0
P00108,Cabin,C,601.72,36,SUP017,Low,No,6.952991452991453,5.128084737377462,6508,41,59.72222222222222,0.0,0,0.07585470085470085,8.589428395820528,0.10476190476190476,0.45714285714285713,0.9775583482944344,1.0,1.0,1.0
P00109,Engine,B,800.02,50,SUP029,Low,Yes,1.4775641025641026,1.573690388779423,1383,11,20.73076923076923,0.0,0,0.03311965811965812,14.030368763557483,0.5070422535211268,0.4225352112676056,0.9875886524822695,1.0,1.0,1.0
P00110,Fasteners,A,12558.79,39,SUP036,Low,No,1.0064102564102564,1.3867059951810854,942,13,15.425213675213675,0.0,0,0.021367521367521368,15.32696390658174,0.10204081632653061,0.40816326530612246,0.9526813880126183,2.0,4.0,2.0
P00111,Cabin,A,7951.34,52,SUP039,Medium,No,1.4476495726495726,1.5613770245838174,1355,9,30.477564102564102,0.0,0,0.029914529914529916,21.053136531365315,2.3857142857142857,0.7571428571428571,0.9716157205240175,0.0,0.0,0.0
P00112,Hydraulics,C,226.73,51,SUP025,Medium,Yes,2.0662393162393164,2.4686035287665526,1934,28,29.983974358974358,0.0,0,0.0673076923076923,14.51137538779731,1.9381443298969072,0.6804123711340206,0.9707602339181286,0.0,0.0,0.0
P00113,Engine,A,4031.3,51,SUP015,Medium,Yes,0.469017094017094,0.7262102167085417,439,4,9.510683760683762,0.0,0,0.004273504273504274,20.277904328018224,2.1481481481481484,0.8148148148148148,0.9315068493150684,0.0,0.0,0.0
P00114,LandingGear,B,3989.96,36,SUP018,Medium,Yes,0.9786324786324786,1.870563599924131,916,15,11.01602564102564,0.00641025641025641,6,0.01282051282051282,11.256550218340612,2.3404255319148937,0.7446808510638298,0.9757785467128027,2.0,2.0,1.0
P00115,Cabin,B,2958.23,43,SUP008,Low,No,5.206196581196581,5.127174541652143,4873,39,63.94551282051282,0.004273504273504274,4,0.05128205128205128,12.282577467679047,0.33707865168539325,0.4606741573033708,0.9862736273627363,4.0,5.0,1.25
P00116,Cabin,B,2923.87,54,SUP038,Medium,No,4.670940170940171,4.552327908061208,4372,50,90.6826923076923,0.0,0,0.09508547008547008,19.414226898444646,1.5773809523809523,0.6130952380952381,0.964524931778715,2.0,2.0,1.0
P00117,Engine,B,1256.23,50,SUP034,Low,Yes,1.2820512820512822,1.4469360811852705,1200,8,18.063034188034187,0.0,0,0.019230769230769232,14.089166666666666,0.3387096774193548,0.43548387096774194,0.9871794871794872,2.0,2.0,1.0
P00118,Engine,C,352.76,39,SUP035,Low,Yes,1.439102564102564,1.6457785395471825,1347,15,13.926282051282051,0.003205128205128205,3,0.019230769230769232,9.67706013363029,0.029411764705882353,0.38235294117647056,0.9823529411764705,0.0,0.0,0.0
P00119,Electrical,A,6480.24,33,SUP014,Medium,No,0.6677350427350427,0.9809226248959318,625,8,9.419871794871796,0.003205128205128205,3,0.011752136752136752,14.107200000000002,2.0303030303030303,0.7575757575757576,0.9663865546218487,2.0,2.0,1.0
P00120,Fasteners,C,1334.93,46,SUP013,Medium,No,3.0811965811965814,2.6158359896887395,2884,18,44.35897435897436,0.0,0,0.041666666666666664,14.396671289875172,1.8993288590604027,0.6711409395973155,0.9616223288268644,2.0,2.0,1.0
P00121,Avionics,C,296.35,26,SUP035,Low,Yes,4.210470085470085,4.001542134968432,3941,30,26.58653846153846,0.035256410256410256,33,0.016025641025641024,6.314387211367674,0.23529411764705882,0.4294117647058823,0.9728506787330317,2.0,14.0,7.0
P00122,Fasteners,B,4852.65,24,SUP022,Low,No,2.628205128205128,2.4544220454373287,2460,17,14.786324786324787,0.038461538461538464,36,0.022435897435897436,5.626016260162602,0.373015873015873,0.46825396825396826,0.981797497155859,3.0,4.0,1.3333333333333333
P00123,Cabin,B,3000.73,47,SUP029,Low,No,4.535256410256411,3.9092426524841906,4245,34,63.69551282051282,0.0,0,0.07692307692307693,14.044522968197878,-0.0449438202247191,0.3707865168539326,0.9884448724121329,2.0,2.0,1.0
P00124,Electrical,C,1018.72,16,SUP020,Low,No,2.1869658119658117,2.4613115461420523,2047,25,6.0405982905982905,0.30128205128205127,282,0.004273504273504274,2.7620908646800197,0.17142857142857143,0.37142857142857144,0.9800153727901614,2.0,2.0,1.0
P00125,Avionics,A,1490.01,47,SUP018,Medium,No,1.063034188034188,1.2864081665717302,995,8,22.17200854700855,0.0,0,0.022435897435897436,20.857286432160805,1.0196078431372548,0.5686274509803921,0.9965986394557823,1.0,1.0,1.0
P00126,Electrical,B,2493.86,52,SUP026,Medium,No,1.4081196581196582,1.6253665289961712,1318,14,23.740384615384617,0.0,0,0.024572649572649572,16.859635811836114,2.3823529411764706,0.7205882352941176,0.9812734082397003,2.0,2.0,1.0
P00127,Structure,C,399.15,85,SUP033,High,No,3.2628205128205128,3.605009312491574,3054,28,100.19017094017094,0.0,0,0.23504273504273504,30.706614276358874,6.225563909774436,0.9624060150375939,0.9543218552354181,0.0,0.0,0.0
P00128,Fasteners,C,1102.45,45,SUP014,Medium,No,2.91025641025641,2.6298292046088103,2724,22,35.35042735042735,0.0,0,0.07692307692307693,12.146842878120413,2.0863309352517985,0.6762589928057554,0.9529113924050633,1.0,1.0,1.0
P00129,Hydraulics,C,346.14,86,SUP033,High,Yes,0.8258547008547008,1.7032885199149719,773,21,24.682692307692307,0.0,0,0.05448717948717949,29.88745148771022,6.190476190476191,0.9761904761904762,0.9617834394904459,1.0,1.0,1.0
P00130,Structure,B,1056.28,24,SUP010,Low,No,1.2809829059829059,2.3671326764101885,1199,25,6.861111111111111,0.14316239316239315,134,0.004273504273504274,5.356130108423686,0.2786885245901639,0.45901639344262296,0.9920792079207921,0.0,0.0,0.0
P00131,Engine,C,397.49,38,SUP017,Low,No,0.5769230769230769,1.137809857173799,540,8,4.297008547008547,0.023504273504273504,22,0.004273504273504274,7.448148148148149,0.23333333333333334,0.4666666666666667,0.9902912621359223,1.0,1.0,1.0
P00132,Fasteners,C,949.75,31,SUP037,Low,No,2.9326923076923075,2.5644128942878845,2745,21,18.33974358974359,0.03311965811965812,31,0.017094017094017096,6.253551912568307,0.24113475177304963,0.4326241134751773,0.9804878048780488,1.0,1.0,1.0
P00133,Electrical,B,3109.7,31,SUP039,Medium,No,1.7425213675213675,1.698362737711751,1631,13,16.01068376068376,0.003205128205128205,3,0.009615384615384616,9.188228080931944,2.3333333333333335,0.75,0.9647435897435898,3.0,3.0,1.0
P00134,Hydraulics,C,368.12,30,SUP037,Low,No,2.216880341880342,2.2843277461819658,2075,20,13.962606837606838,0.027777777777777776,26,0.01282051282051282,6.298313253012048,0.7358490566037735,0.5188679245283019,0.9717203456402199,3.0,3.0,1.0
P00135,Electrical,A,10313.86,37,SUP013,Medium,No,0.7029914529914529,1.0297352465569662,658,8,10.052350427350428,0.0,0,0.016025641025641024,14.29939209726444,1.7428571428571429,0.6285714285714286,0.9657534246575342,0.0,0.0,0.0
P00136,LandingGear,B,3098.46,28,SUP034,Low,Yes,2.1944444444444446,2.0288325746994547,2054,15,16.946581196581196,0.017094017094017096,16,0.028846153846153848,7.72249269717624,0.10377358490566038,0.41509433962264153,0.9825145711906744,2.0,4.0,2.0
P00137,Fasteners,C,794.11,48,SUP038,Medium,No,3.5395299145299144,3.410041383719025,3313,32,50.19123931623932,0.0,0,0.028846153846153848,14.180199215212799,2.0392156862745097,0.6993464052287581,0.9710759737755496,1.0,1.0,1.0
P00138,LandingGear,B,2379.41,33,SUP040,Medium,No,2.0790598290598292,2.397447299449124,1946,24,24.960470085470085,0.007478632478632479,7,0.027777777777777776,12.005652620760534,2.1717171717171717,0.6666666666666666,0.9742388758782201,4.0,5.0,1.25
P00139,Structure,B,1599.14,34,SUP001,Low,No,1.8226495726495726,1.9818858380164828,1706,15,18.34508547008547,0.002136752136752137,2,0.0202991452991453,10.06506447831184,0.19540229885057472,0.39080459770114945,0.982532751091703,0.0,0.0,0.0
P00140,Structure,C,246.31,30,SUP030,Low,No,2.949786324786325,2.9098100636812174,2761,21,19.36111111111111,0.008547008547008548,8,0.010683760683760684,6.563563926113726,0.13432835820895522,0.41044776119402987,0.9799533799533799,1.0,1.0,1.0
P00141,LandingGear,C,513.64,39,SUP040,Medium,No,2.5833333333333335,2.5699830416219855,2418,17,31.897435897435898,0.003205128205128205,3,0.03205128205128205,12.347394540942927,2.0,0.7016129032258065,0.984660766961652,1.0,1.0,1.0
P00142,LandingGear,C,561.55,32,SUP031,Low,Yes,1.3076923076923077,2.5131492941611935,1224,20,10.346153846153847,0.06623931623931624,62,0.018162393162393164,7.911764705882353,0.140625,0.40625,0.9774774774774775,1.0,1.0,1.0
P00143,Avionics,C,262.16,29,SUP010,Low,Yes,4.267094017094017,3.5563044111757542,3994,24,27.949786324786324,0.028846153846153848,27,0.05128205128205128,6.5500751126690036,0.1871345029239766,0.4269005847953216,0.9777181208053691,1.0,1.0,1.0
P00144,Fasteners,C,1196.12,37,SUP031,Low,No,2.9294871794871793,2.5220622564686828,2742,19,23.280982905982906,0.02564102564102564,24,0.014957264957264958,7.947118891320205,0.5815602836879432,0.475177304964539,0.9814143245693563,3.0,3.0,1.0
P00145,Hydraulics,A,3608.96,48,SUP005,Medium,Yes,0.6901709401709402,0.9377122990421657,646,7,14.75,0.0,0,0.01282051282051282,21.371517027863778,2.40625,0.65625,0.9914529914529915,0.0,0.0,0.0
P00146,Electrical,B,4265.18,13,SUP020,Low,No,2.0427350427350426,2.0271659304067113,1912,14,6.84508547008547,0.202991452991453,190,0.005341880341880342,3.3509414225941425,0.08163265306122448,0.3877551020408163,0.9740134744947064,0.0,0.0,0.0
P00147,Hydraulics,B,434.55,60,SUP026,Medium,Yes,1.875,1.9365261913642093,1755,13,40.8974358974359,0.0,0,0.03311965811965812,21.811965811965813,1.8555555555555556,0.6777777777777778,0.9562433297758804,2.0,2.0,1.0
P00148,Fasteners,A,12062.12,27,SUP019,Low,No,0.9636752136752137,1.260152336629712,902,9,9.539529914529915,0.009615384615384616,9,0.011752136752136752,9.89911308203991,0.0,0.43478260869565216,0.9819819819819819,1.0,1.0,1.0
P00149,Fasteners,C,2043.71,26,SUP028,Low,No,3.466880341880342,2.9702577879441856,3245,23,22.049145299145298,0.03739316239316239,35,0.03418803418803419,6.359938366718027,0.2085889570552147,0.4049079754601227,0.9823037323037324,1.0,1.0,1.0
P00150,Fasteners,B,2083.89,31,SUP010,Low,No,2.215811965811966,2.018737356982573,2074,15,17.15491452991453,0.004273504273504274,4,0.009615384615384616,7.742044358727098,0.037383177570093455,0.38317757009345793,0.9695431472081218,1.0,1.0,1.0
P00151,Hydraulics,B,969.59,45,SUP025,Medium,Yes,1.875,2.1159882837842696,1755,22,27.362179487179485,0.0,0,0.027777777777777776,14.593162393162393,1.8426966292134832,0.6292134831460674,0.9646408839779006,2.0,2.0,1.0
P00152,Electrical,B,2142.57,52,SUP026,Medium,No,0.6666666666666666,1.4172353896698393,624,11,11.114316239316238,0.0,0,0.014957264957264958,16.671474358974358,1.5757575757575757,0.6060606060606061,0.9586776859504132,0.0,0.0,0.0
P00153,Fasteners,B,2261.29,70,SUP026,Medium,No,2.172008547008547,2.1192538854377294,2033,17,53.47542735042735,0.0,0,0.06517094017094018,24.620265617314317,2.2596153846153846,0.75,0.9819587628865979,3.0,3.0,1.0
P00154,Avionics,C,231.5,32,SUP012,Low,No,3.8344017094017095,3.380240200457436,3589,26,31.25,0.0010683760683760685,1,0.035256410256410256,8.149902479799387,0.07317073170731707,0.4451219512195122,0.9811129848229342,0.0,0.0,0.0
P00155,Avionics,A,3795.73,50,SUP013,Medium,No,1.0737179487179487,1.2908205165411226,1005,10,22.423076923076923,0.0,0,0.038461538461538464,20.883582089552238,2.46,0.78,0.9597069597069597,2.0,2.0,1.0
P00156,Cabin,B,3884.32,45,SUP011,Low,No,4.6752136752136755,4.322712675401893,4376,28,57.001068376068375,0.0,0,0.029914529914529916,12.192184643510053,0.4124293785310734,0.4406779661016949,0.9791459781529295,2.0,2.0,1.0
P00157,LandingGear,B,2503.54,24,SUP019,Low,Yes,1.9893162393162394,2.0636640386922522,1862,17,11.070512820512821,0.07478632478632478,70,0.024572649572649572,5.56498388829216,0.24210526315789474,0.4421052631578947,0.9878453038674033,2.0,2.0,1.0
P00158,Structure,B,1883.28,54,SUP024,Medium,No,2.3205128205128207,2.556703708758785,2172,19,46.455128205128204,0.0,0,0.05128205128205128,20.019337016574585,2.2162162162162162,0.6486486486486487,0.9600507292327204,2.0,2.0,1.0
P00159,Structure,C,374.56,38,SUP015,Medium,No,2.7617521367521367,2.6720719847038708,2585,21,27.98931623931624,0.003205128205128205,3,0.026709401709401708,10.134622823984525,2.2803030303030303,0.7196969696969697,0.9770491803278688,0.0,0.0,0.0
P00160,Hydraulics,B,2045.9,31,SUP017,Low,No,1.579059829059829,1.7672449244953636,1478,12,12.19017094017094,0.013888888888888888,13,0.016025641025641024,7.719891745602165,-0.47368421052631576,0.3026315789473684,0.96875,2.0,2.0,1.0
P00161,Engine,A,4072.98,39,SUP012,Low,Yes,0.37393162393162394,0.6695228819371004,350,7,5.352564102564102,0.0,0,0.00641025641025641,14.314285714285713,-0.4166666666666667,0.3333333333333333,1.0,2.0,2.0,1.0
P00162,LandingGear,B,2948.08,37,SUP009,Medium,No,2.050213675213675,2.331977187142468,1919,18,24.298076923076923,0.008547008547008548,8,0.030982905982905984,11.851485148514852,2.0,0.6666666666666666,0.9750623441396509,2.0,2.0,1.0
P00163,Avionics,C,294.92,44,SUP027,Medium,Yes,3.4743589743589745,3.36852125086419,3252,22,42.88247863247863,0.0,0,0.056623931623931624,12.342558425584254,1.832167832167832,0.6433566433566433,0.9702499008330028,5.0,5.0,1.0
P00164,Engine,C,1442.53,95,SUP033,High,No,1.8258547008547008,1.8519001128741897,1709,16,63.580128205128204,0.0,0,0.10042735042735043,34.822118197776476,5.573033707865169,0.9438202247191011,0.9070631970260223,2.0,2.0,1.0
P00165,Electrical,C,1437.31,16,SUP012,Low,No,1.9647435897435896,1.900699713112016,1839,12,5.547008547008547,0.20833333333333334,195,0.004273504273504274,2.823273518216422,-0.2916666666666667,0.3854166666666667,0.9854910714285714,0.0,0.0,0.0
P00166,Engine,C,370.19,30,SUP035,Low,No,0.7083333333333334,1.4237763298471964,663,9,4.2094017094017095,0.07905982905982906,74,0.004273504273504274,5.942684766214178,0.6666666666666666,0.5277777777777778,0.9495798319327731,1.0,1.0,1.0
P00167,Avionics,C,364.28,56,SUP023,Medium,Yes,1.4957264957264957,2.837107607862513,1400,22,24.36645299145299,0.0,0,0.03952991452991453,16.290714285714287,1.8309859154929577,0.6619718309859155,0.9843260188087775,3.0,3.0,1.0
P00168,Engine,A,3707.61,40,SUP007,Low,Yes,0.48824786324786323,0.7738166584217763,457,6,7.556623931623932,0.0,0,0.007478632478632479,15.477024070021884,0.5357142857142857,0.5,0.9814814814814815,0.0,0.0,0.0
P00169,Structure,B,814.51,42,SUP015,Medium,No,1.9326923076923077,1.9953849468142355,1809,14,27.587606837606838,0.0,0,0.050213675213675216,14.274184632393588,2.4361702127659575,0.6914893617021277,0.9707207207207207,0.0,0.0,0.0
P00170,Structure,C,508.42,35,SUP001,Low,No,3.1901709401709404,3.3437865712168,2986,23,25.853632478632477,0.00641025641025641,6,0.03205128205128205,8.104152712659074,0.2814814814814815,0.42962962962962964,0.9564846416382252,2.0,2.0,1.0
P00171,Structure,B,977.38,56,SUP002,Medium,No,1.1848290598290598,2.2013667540238413,1109,16,23.622863247863247,0.0,0,0.005341880341880342,19.937781785392243,2.3684210526315788,0.6842105263157895,0.9655172413793104,2.0,2.0,1.0
P00172,Engine,C,522.73,53,SUP014,Medium,No,0.6463675213675214,1.371968276387832,605,13,10.576923076923077,0.0,0,0.007478632478632479,16.363636363636363,2.4545454545454546,0.6363636363636364,0.9611650485436893,1.0,1.0,1.0
P00173,Structure,B,971.55,31,SUP019,Low,No,2.7275641025641026,2.727857643296233,2553,22,21.331196581196583,0.02564102564102564,24,0.024572649572649572,7.82060321190756,0.3435114503816794,0.4198473282442748,0.9733201581027668,0.0,0.0,0.0
P00174,Hydraulics,C,476.71,35,SUP032,Low,Yes,0.8376068376068376,1.71788834413214,784,17,6.416666666666667,0.05982905982905983,56,0.004273504273504274,7.660714285714286,-0.575,0.35,0.976303317535545,1.0,1.0,1.0
P00175,Cabin,C,906.57,60,SUP006,Medium,No,5.541666666666667,5.252386776020955,5187,50,103.6880341880342,0.0,0,0.15598290598290598,18.71062271062271,1.663265306122449,0.6479591836734694,0.9588329336530775,5.0,5.0,1.0
P00176,Fasteners,C,600.69,44,SUP034,Low,No,3.6495726495726495,3.3912532709394565,3416,32,37.138888888888886,0.0,0,0.07051282051282051,10.176229508196721,0.22012578616352202,0.4528301886792453,0.9705454545454546,2.0,2.0,1.0
P00177,Avionics,C,327.7,35,SUP010,Low,Yes,1.6036324786324787,2.4970458802122937,1501,15,12.564102564102564,0.056623931623931624,53,0.009615384615384616,7.834776815456362,0.44871794871794873,0.46153846153846156,0.9817275747508306,0.0,0.0,0.0
P00178,Fasteners,C,839.09,58,SUP006,Medium,No,3.0566239316239314,3.0598309924359532,2861,27,52.06517094017094,0.0,0,0.024572649572649572,17.03355470115344,1.962406015037594,0.6466165413533834,0.9635202918376653,1.0,1.0,1.0
P00179,Electrical,C,644.05,12,SUP028,Low,No,0.9722222222222222,1.9532717042348375,910,14,2.5256410256410255,0.36538461538461536,342,0.0010683760683760685,2.597802197802198,0.2826086956521739,0.3695652173913043,0.9575163398692811,1.0,1.0,1.0
P00180,LandingGear,B,2758.93,33,SUP031,Low,No,1.8194444444444444,1.8844951695266048,1703,15,17.816239316239315,0.002136752136752137,2,0.019230769230769232,9.792131532589547,0.14942528735632185,0.39080459770114945,0.9838107098381071,0.0,0.0,0.0
P00181,Structure,B,995.65,42,SUP025,Medium,No,2.5705128205128207,2.44934699446622,2406,21,37.56410256410256,0.0,0,0.050213675213675216,14.613466334164587,2.153225806451613,0.7096774193548387,0.938337801608579,2.0,3.0,1.5
P00182,Engine,C,371.98,53,SUP005,Medium,Yes,1.4957264957264957,1.5987906211412104,1400,11,25.02457264957265,0.0,0,0.027777777777777776,16.730714285714285,1.8028169014084507,0.676056338028169,0.9382504288164666,0.0,0.0,0.0
P00183,Avionics,A,3080.58,49,SUP005,Medium,Yes,1.061965811965812,1.2642369907906517,994,10,22.47542735042735,0.0,0,0.03739316239316239,21.163983903420522,1.8653846153846154,0.6730769230769231,0.9914893617021276,0.0,0.0,0.0
P00184,Avionics,B,423.99,44,SUP016,Medium,Yes,2.9284188034188032,3.0786836654837817,2741,32,42.17094017094017,0.0,0,0.03952991452991453,14.400583728566218,1.8582089552238805,0.6343283582089553,0.952112676056338,1.0,7.0,7.0
P00185,Hydraulics,C,367.48,25,SUP019,Low,Yes,1.811965811965812,1.8743714762328976,1696,15,11.226495726495726,0.06517094017094018,61,0.022435897435897436,6.195754716981131,0.367816091954023,0.5287356321839081,0.9733487833140209,3.0,3.0,1.0
P00186,Fasteners,C,964.22,46,SUP040,Medium,No,1.7425213675213675,3.2926668887369477,1631,30,25.082264957264957,0.0010683760683760685,1,0.011752136752136752,14.39423666462293,1.6265060240963856,0.6626506024096386,0.9634941329856584,2.0,2.0,1.0
P00187,Structure,B,951.17,25,SUP012,Low,No,2.2564102564102564,2.1411330746299644,2112,15,17.789529914529915,0.016025641025641024,15,0.028846153846153848,7.883996212121212,-0.14018691588785046,0.4205607476635514,0.9810126582278481,0.0,0.0,0.0
P00188,Fasteners,B,3409.48,38,SUP008,Low,No,1.3173076923076923,2.3209714947744895,1233,18,12.666666666666666,0.03952991452991453,37,0.01282051282051282,9.615571776155717,0.0625,0.421875,0.989247311827957,1.0,1.0,1.0
P00189,Fasteners,B,2173.19,43,SUP038,Medium,No,2.5833333333333335,2.256659781399039,2418,16,37.46367521367522,0.0,0,0.028846153846153848,14.50206782464847,1.903225806451613,0.7016129032258065,0.9592096876991715,2.0,4.0,2.0
P00190,Structure,A,4230.32,28,SUP007,Low,No,0.8696581196581197,1.2624135658868185,814,12,8.346153846153847,0.007478632478632479,7,0.010683760683760684,9.597051597051598,0.047619047619047616,0.38095238095238093,0.9776785714285714,0.0,0.0,0.0
P00191,LandingGear,C,1101.47,59,SUP002,Medium,No,2.6036324786324787,2.431950351654394,2437,19,43.419871794871796,0.0,0,0.00641025641025641,16.676651620845302,1.968,0.688,0.9528962444302992,1.0,1.0,1.0
P00192,Structure,B,498.61,25,SUP017,Low,No,2.2094017094017095,2.4649320726845496,2068,21,17.07371794871795,0.03311965811965812,31,0.017094017094017096,7.727756286266924,0.308411214953271,0.4205607476635514,0.9746227709190672,0.0,0.0,0.0
P00193,Electrical,B,1404.96,23,SUP017,Low,No,1.9155982905982907,1.9475288784956726,1793,11,10.66025641025641,0.038461538461538464,36,0.008547008547008548,5.564974902398215,0.3655913978494624,0.45161290322580644,0.9786223277909739,0.0,0.0,0.0
P00194,Structure,C,368.34,39,SUP025,Medium,No,3.25,3.3276511283614987,3042,32,41.302350427350426,0.0,0,0.026709401709401708,12.708415516107824,1.8461538461538463,0.6643356643356644,0.9691089108910891,3.0,6.0,2.0
P00195,LandingGear,A,8850.56,35,SUP036,Low,Yes,0.9123931623931624,1.3117389524911613,854,13,11.157051282051283,0.004273504273504274,4,0.007478632478632479,12.228337236533958,-0.2222222222222222,0.3111111111111111,0.9832635983263598,1.0,1.0,1.0
P00196,Electrical,B,2689.41,43,SUP038,Medium,No,1.6271367521367521,1.8051828907286342,1523,12,23.786324786324787,0.0,0,0.018162393162393164,14.618516086671045,2.0259740259740258,0.7012987012987013,0.9485488126649076,1.0,1.0,1.0
P00197,Electrical,C,1056.57,19,SUP012,Low,No,1.0961538461538463,1.9461592929198648,1026,16,4.710470085470085,0.18376068376068377,172,0.007478632478632479,4.297270955165692,0.038461538461538464,0.38461538461538464,1.0,0.0,0.0,0.0
P00198,LandingGear,C,1165.95,37,SUP040,Medium,Yes,2.6378205128205128,2.8220334675219685,2469,30,26.148504273504273,0.009615384615384616,9,0.01282051282051282,9.912920210611583,1.3801652892561984,0.6115702479338843,0.9509166173861621,3.0,3.0,1.0
P00199,Cabin,C,1088.55,71,SUP026,Medium,No,5.467948717948718,4.40041787776702,5118,27,114.97970085470085,0.0,0,0.12072649572649573,21.027940601797575,2.3034825870646767,0.7313432835820896,0.9650458894747119,0.0,0.0,0.0
P00200,Hydraulics,C,287.21,41,SUP003,Medium,Yes,1.1517094017094016,2.0684689796418003,1078,15,13.63888888888889,0.0202991452991453,19,0.01282051282051282,11.842300556586272,1.962962962962963,0.5925925925925926,0.96875,0.0,0.0,0.0
P00201,Cabin,B,1354.83,52,SUP038,Medium,No,3.8066239316239314,3.8348247952537524,3563,44,64.54594017094017,0.0,0,0.027777777777777776,16.956216671344375,2.08,0.68,0.9679263258177199,6.0,14.0,2.3333333333333335
P00202,Engine,C,323.4,69,SUP006,Medium,No,0.7147435897435898,1.4925255982582646,669,12,14.23397435897436,0.0,0,0.03205128205128205,19.91479820627803,2.7222222222222223,0.8055555555555556,0.9640287769784173,1.0,1.0,1.0
P00203,Fasteners,C,1309.16,61,SUP024,Medium,No,3.5822649572649574,3.2417176404190178,3353,29,67.89957264957265,0.0,0,0.06303418803418803,18.954369221592604,2.5153374233128836,0.7484662576687117,0.9493189737092176,2.0,2.0,1.0
P00204,Fasteners,C,1829.42,33,SUP032,Low,No,3.02991452991453,2.6647154523297436,2836,17,24.60042735042735,0.0,0,0.019230769230769232,8.119181946403385,-0.0273972602739726,0.3904109589041096,0.9904153354632588,2.0,2.0,1.0
P00205,LandingGear,C,926.47,25,SUP010,Low,Yes,3.2596153846153846,3.237466736192911,3051,21,20.936965811965813,0.03952991452991453,37,0.028846153846153848,6.423139954113406,0.5140845070422535,0.4225352112676056,0.9861271676300578,0.0,0.0,0.0
P00206,Fasteners,C,492.96,41,SUP011,Low,No,1.4668803418803418,2.4343735626134113,1373,17,14.73397435897436,0.01282051282051282,12,0.014957264957264958,10.044428259286235,0.14084507042253522,0.38028169014084506,0.9750889679715302,0.0,0.0,0.0
P00207,Fasteners,C,651.73,28,SUP020,Low,No,1.5352564102564104,2.6774631896712293,1437,23,8.93482905982906,0.13354700854700854,125,0.003205128205128205,5.819763395963813,-0.0684931506849315,0.3698630136986301,0.988013698630137,1.0,1.0,1.0
P00208,Hydraulics,A,2809.54,42,SUP036,Low,No,0.5512820512820513,0.8550188174046239,516,4,8.461538461538462,0.0010683760683760685,1,0.008547008547008548,15.348837209302324,0.5172413793103449,0.4482758620689655,0.987012987012987,0.0,0.0,0.0
P00209,Avionics,C,213.49,52,SUP009,Medium,No,1.6944444444444444,3.0381902703476973,1586,32,24.817307692307693,0.0,0,0.018162393162393164,14.64627994955864,1.5975609756097562,0.6829268292682927,0.9685138539042821,0.0,0.0,0.0
P00210,Engine,B,1074.18,43,SUP027,Medium,No,0.6976495726495726,1.5661645746633077,653,18,9.560897435897436,0.0,0,0.00641025641025641,13.704441041347627,1.4444444444444444,0.5833333333333334,0.9743589743589743,0.0,0.0,0.0
P00211,Fasteners,C,1199.34,34,SUP019,Low,No,1.9102564102564104,3.5423279361051163,1788,37,15.282051282051283,0.08440170940170941,79,0.018162393162393164,8.0,0.06593406593406594,0.38461538461538464,0.9852786540483701,1.0,2.0,2.0
P00212,Fasteners,C,1060.94,50,SUP005,Medium,No,3.480769230769231,3.329603699845597,3258,25,51.761752136752136,0.0,0,0.05982905982905983,14.870779619398403,1.875,0.6458333333333334,0.9440993788819876,0.0,0.0,0.0
P00213,Avionics,C,374.67,38,SUP029,Low,No,1.5758547008547008,2.836095515207296,1475,21,12.104700854700855,0.0673076923076923,63,0.024572649572649572,7.68135593220339,0.4666666666666667,0.52,0.9795918367346939,0.0,0.0,0.0
P00214,Fasteners,C,933.94,37,SUP034,Low,No,1.8878205128205128,3.0892639958733037,1767,21,15.060897435897436,0.035256410256410256,33,0.017094017094017096,7.977928692699491,0.9347826086956522,0.5,0.9846153846153847,1.0,2.0,2.0
P00215,Fasteners,B,2286.79,61,SUP024,Medium,No,2.4155982905982905,2.3312185574332442,2261,20,53.15491452991453,0.0,0,0.057692307692307696,22.00486510393631,1.5128205128205128,0.6239316239316239,0.9689226519337016,2.0,2.0,1.0
P00216,Avionics,C,306.86,29,SUP008,Low,No,3.605769230769231,3.5452052196399584,3375,32,22.474358974358974,0.06303418803418803,59,0.019230769230769232,6.232888888888889,0.17763157894736842,0.4473684210526316,0.9554828150572832,3.0,3.0,1.0
P00217,Fasteners,C,691.28,36,SUP007,Low,No,3.4401709401709404,3.0953906689153308,3220,24,27.642094017094017,0.04807692307692308,45,0.03311965811965812,8.035093167701863,0.36075949367088606,0.47468354430379744,0.9948642699926632,0.0,0.0,0.0
P00218,Cabin,B,2340.25,38,SUP017,Low,No,4.92948717948718,5.299918892916496,4614,73,50.322649572649574,0.0,0,0.0673076923076923,10.208495882097962,0.39655172413793105,0.4482758620689655,0.9609223300970874,0.0,0.0,0.0
P00219,Avionics,A,2387.27,53,SUP021,Medium,No,1.063034188034188,1.2805751477325948,995,12,26.001068376068375,0.0,0,0.019230769230769232,24.45929648241206,2.4901960784313726,0.7450980392156863,0.9552238805970149,0.0,0.0,0.0
P00220,Electrical,A,8993.0,47,SUP023,Medium,No,0.7489316239316239,1.0362411151829714,701,9,15.419871794871796,0.0,0,0.026709401709401708,20.589158345221115,3.0277777777777777,0.75,0.9477611940298507,0.0,0.0,0.0
P00221,Electrical,C,1860.27,24,SUP010,Low,No,2.5598290598290596,2.63393111637879,2396,20,11.537393162393162,0.11645299145299146,109,0.010683760683760684,4.507095158597663,0.45081967213114754,0.4180327868852459,0.9785310734463277,2.0,2.0,1.0
P00222,Fasteners,B,2487.27,56,SUP021,Medium,No,2.4732905982905984,2.535171262756245,2315,21,48.30448717948718,0.0,0,0.057692307692307696,19.530453563714904,1.815126050420168,0.6890756302521008,0.9357560025957171,3.0,3.0,1.0
P00223,Avionics,C,533.73,33,SUP012,Low,Yes,4.736111111111111,4.1104821586945155,4433,38,38.84615384615385,0.027777777777777776,26,0.03311965811965812,8.202120460184977,0.42934782608695654,0.44565217391304346,0.9930555555555556,3.0,3.0,1.0
P00224,Fasteners,B,2857.81,25,SUP028,Low,No,2.6047008547008548,2.641450605404294,2438,31,20.79594017094017,0.007478632478632479,7,0.024572649572649572,7.984003281378178,0.13821138211382114,0.45528455284552843,0.979004199160168,4.0,4.0,1.0
P00225,LandingGear,C,689.1,22,SUP032,Low,No,2.549145299145299,2.420884912730005,2386,17,11.378205128205128,0.1346153846153846,126,0.007478632478632479,4.463537300922045,-0.09016393442622951,0.3770491803278688,0.982421875,1.0,4.0,4.0
P00226,Hydraulics,B,1134.87,38,SUP027,Medium,Yes,1.518162393162393,1.5913170945871824,1421,10,18.22222222222222,0.0,0,0.024572649572649572,12.002814919071076,2.4794520547945207,0.7808219178082192,0.9766536964980544,1.0,1.0,1.0
P00227,LandingGear,C,739.27,37,SUP001,Low,Yes,2.6517094017094016,2.6106440422743047,2482,25,21.284188034188034,0.024572649572649572,23,0.021367521367521368,8.026591458501208,0.4365079365079365,0.46825396825396826,0.9856887298747764,0.0,0.0,0.0
P00228,Fasteners,A,8071.81,49,SUP040,Medium,No,0.9017094017094017,1.1520533934434924,844,10,18.965811965811966,0.0,0,0.009615384615384616,21.033175355450236,2.511627906976744,0.7674418604651163,0.9320388349514563,1.0,1.0,1.0
P00229,Hydraulics,C,486.91,42,SUP001,Low,No,0.8301282051282052,1.6942780030031368,777,14,8.298076923076923,0.019230769230769232,18,0.01282051282051282,9.996138996138995,0.225,0.425,1.0,0.0,0.0,0.0
P00230,Avionics,C,315.21,53,SUP040,Medium,No,1.5544871794871795,2.6819302558347156,1455,19,25.659188034188034,0.0,0,0.022435897435897436,16.50652920962199,1.5866666666666667,0.5733333333333334,0.9519867549668874,2.0,2.0,1.0
P00231,Cabin,C,628.39,74,SUP002,Medium,No,5.9989316239316235,6.202207553484175,5615,56,137.65918803418805,0.0,0,0.15598290598290598,22.947284060552096,2.135135135135135,0.7189189189189189,0.9678054015381864,0.0,0.0,0.0
P00232,Engine,C,669.91,69,SUP021,Medium,No,0.7777777777777778,1.4675738565269085,728,10,15.873931623931623,0.002136752136752137,2,0.0202991452991453,20.409340659340657,2.3783783783783785,0.7567567567567568,0.9795918367346939,0.0,0.0,0.0
P00233,Cabin,A,10397.09,61,SUP005,Medium,No,1.7083333333333333,1.6336616134866102,1599,10,46.27136752136752,0.0,0,0.05448717948717949,27.085678549093185,1.7317073170731707,0.6097560975609756,0.9613601236476044,0.0,0.0,0.0
P00234,Electrical,B,4609.98,27,SUP004,Low,No,1.642094017094017,1.787987694428965,1537,17,12.511752136752136,0.014957264957264958,14,0.008547008547008548,7.6193884189980485,0.15,0.4125,0.9952,2.0,2.0,1.0
P00235,Engine,A,5064.85,35,SUP028,Low,Yes,0.4732905982905983,0.8072745889636186,443,8,5.414529914529915,0.007478632478632479,7,0.004273504273504274,11.44018058690745,-0.42857142857142855,0.32142857142857145,0.974025974025974,1.0,1.0,1.0
P00236,Hydraulics,A,6060.44,36,SUP030,Low,Yes,0.7168803418803419,1.0382900847572045,671,7,8.731837606837606,0.0,0,0.016025641025641024,12.180327868852459,-0.2,0.3142857142857143,0.9754098360655737,0.0,0.0,0.0
P00237,Structure,C,191.53,43,SUP005,Medium,No,1.123931623931624,1.9582880037114412,1052,13,13.262820512820513,0.005341880341880342,5,0.008547008547008548,11.800380228136882,2.327272727272727,0.7636363636363637,0.9710610932475884,1.0,1.0,1.0
P00238,Cabin,C,699.01,53,SUP040,Medium,No,2.8055555555555554,4.878043255362582,2626,41,47.1741452991453,0.0,0,0.045940170940170943,16.814546839299318,2.462686567164179,0.7313432835820896,0.9694736842105263,2.0,4.0,2.0
P00239,Structure,C,273.1,50,SUP013,Medium,No,3.2724358974358974,3.187463552674727,3063,22,48.19871794871795,0.0,0,0.0641025641025641,14.728697355533791,2.0482758620689654,0.7103448275862069,0.9575850210164311,0.0,0.0,0.0
P00240,Electrical,C,1112.44,42,SUP013,Medium,No,2.3835470085470085,2.4606652341550403,2231,17,29.89957264957265,0.0,0,0.04487179487179487,12.544150605109817,2.130434782608696,0.6956521739130435,0.9559322033898305,1.0,1.0,1.0
P00241,Engine,C,388.21,36,SUP012,Low,Yes,0.7435897435897436,1.41514404265297,696,10,5.8076923076923075,0.02564102564102564,24,0.005341880341880342,7.810344827586206,-0.16666666666666666,0.3055555555555556,0.9868421052631579,1.0,1.0,1.0
P00242,Electrical,C,1006.69,22,SUP019,Low,No,2.4380341880341883,2.5005680601473057,2282,20,10.567307692307692,0.13675213675213677,128,0.0202991452991453,4.3343558282208585,0.19827586206896552,0.41379310344827586,0.9808481532147743,1.0,1.0,1.0
P00243,LandingGear,A,18478.0,20,SUP008,Low,Yes,0.9561965811965812,1.1994669314338233,895,9,6.581196581196581,0.022435897435897436,21,0.01282051282051282,6.882681564245809,-0.21739130434782608,0.3695652173913043,0.9882352941176471,0.0,0.0,0.0
P00244,Hydraulics,B,1043.57,28,SUP017,Low,Yes,1.748931623931624,1.6240172451153383,1637,10,13.273504273504274,0.009615384615384616,9,0.021367521367521368,7.589492974954185,-0.13095238095238096,0.3333333333333333,0.975443383356071,1.0,3.0,3.0
P00245,LandingGear,C,1245.35,39,SUP009,Medium,Yes,2.782051282051282,3.072308345282148,2604,32,34.22649572649573,0.0,0,0.030982905982905984,12.302611367127497,1.816,0.648,0.9659030367607885,3.0,5.0,1.6666666666666667
P00246,LandingGear,C,993.32,33,SUP003,Medium,Yes,2.673076923076923,2.53488211044668,2502,15,26.567307692307693,0.0,0,0.03311965811965812,9.938848920863311,1.859375,0.640625,0.9706572769953051,0.0,0.0,0.0
P00247,Electrical,A,9723.56,38,SUP015,Medium,No,0.7029914529914529,1.0066259754607587,658,11,10.096153846153847,0.0010683760683760685,1,0.018162393162393164,14.361702127659576,0.8235294117647058,0.4117647058823529,0.9921259842519685,0.0,0.0,0.0
P00248,Avionics,C,260.05,39,SUP027,Medium,No,1.794871794871795,3.270777333994566,1680,30,21.806623931623932,0.0,0,0.021367521367521368,12.149404761904762,2.218390804597701,0.7241379310344828,0.987460815047022,0.0,0.0,0.0
P00249,Hydraulics,C,495.73,42,SUP031,Low,Yes,1.748931623931624,1.748337309940621,1637,11,16.767094017094017,0.0202991452991453,19,0.013888888888888888,9.587049480757484,-0.011764705882352941,0.4117647058823529,0.9591836734693877,0.0,0.0,0.0
P00250,Structure,A,4936.4,41,SUP015,Medium,No,0.7339743589743589,1.0840405775031603,687,9,12.57905982905983,0.002136752136752137,2,0.00641025641025641,17.138282387190685,2.638888888888889,0.75,1.0,2.0,2.0,1.0
P00251,Hydraulics,B,1971.19,44,SUP013,Medium,No,1.5021367521367521,1.7199663367230957,1406,14,21.88354700854701,0.0,0,0.0202991452991453,14.56827880512091,2.236111111111111,0.6666666666666666,0.9776,2.0,2.0,1.0
P00252,Engine,C,528.44,39,SUP032,Low,Yes,0.6613247863247863,1.2815598605680527,619,11,6.168803418803419,0.03205128205128205,30,0.00641025641025641,9.32794830371567,0.06060606060606061,0.3333333333333333,1.0,0.0,0.0,0.0
P00253,Hydraulics,C,520.84,24,SUP028,Low,Yes,2.0235042735042734,2.1348854133943496,1894,19,8.899572649572649,0.13247863247863248,124,0.013888888888888888,4.3980992608236535,0.29896907216494845,0.422680412371134,0.9903938520653218,0.0,0.0,0.0
P00254,Hydraulics,B,740.26,34,SUP034,Low,Yes,1.5726495726495726,1.6498451812182628,1472,12,15.786324786324787,0.002136752136752137,2,0.008547008547008548,10.038043478260871,0.7236842105263158,0.47368421052631576,0.9970238095238095,1.0,1.0,1.0
P00255,Fasteners,C,1147.41,33,SUP037,Low,No,1.356837606837607,2.288500954683997,1270,18,10.4241452991453,0.05555555555555555,52,0.011752136752136752,7.682677165354331,0.296875,0.4375,0.9645232815964523,0.0,0.0,0.0
P00256,Fasteners,B,4297.61,89,SUP033,High,No,2.3311965811965814,2.1701250758278814,2182,15,89.05448717948718,0.0,0,0.13995726495726496,38.201191567369385,5.955357142857143,0.9553571428571429,0.955177743431221,1.0,1.0,1.0
P00257,Cabin,C,1057.87,54,SUP038,Medium,No,6.802350427350428,7.091339511958286,6367,58,115.5042735042735,0.0,0,0.0641025641025641,16.98005340034553,2.036082474226804,0.6752577319587629,0.964609191546461,1.0,2.0,2.0
P00258,LandingGear,B,3032.38,19,SUP017,Low,Yes,1.9273504273504274,1.81115374610843,1804,12,10.408119658119658,0.05235042735042735,49,0.019230769230769232,5.400221729490021,-0.3333333333333333,0.3548387096774194,0.9769484083424808,2.0,2.0,1.0
P00259,Fasteners,C,1613.66,50,SUP016,Medium,No,1.4252136752136753,2.3837159139822326,1334,17,20.849358974358974,0.003205128205128205,3,0.0438034188034188,14.628935532233882,2.0144927536231885,0.6231884057971014,0.9762376237623762,1.0,1.0,1.0
P00260,Hydraulics,B,1314.97,48,SUP013,Medium,No,1.7286324786324787,1.6250290493734714,1618,10,29.693376068376068,0.0,0,0.050213675213675216,17.177379480840543,2.397590361445783,0.7469879518072289,0.9723502304147466,4.0,4.0,1.0
P00261,Electrical,B,4244.5,27,SUP010,Low,No,1.735042735042735,1.763652808269895,1624,19,13.055555555555555,0.002136752136752137,2,0.014957264957264958,7.524630541871921,0.25301204819277107,0.42168674698795183,0.9817905918057663,1.0,1.0,1.0
P00262,Structure,C,409.35,31,SUP030,Low,No,3.0566239316239314,2.7849862818283535,2861,22,19.46153846153846,0.050213675213675216,47,0.017094017094017096,6.367004543865781,0.04794520547945205,0.410958904109589,0.9767343485617598,0.0,0.0,0.0
P00263,Structure,B,853.64,38,SUP029,Low,No,2.3493589743589745,2.314973259656518,2199,17,23.455128205128204,0.007478632478632479,7,0.018162393162393164,9.98362892223738,0.043859649122807015,0.4473684210526316,0.9676140118968936,3.0,3.0,1.0
P00264,Structure,A,3692.57,88,SUP033,High,No,0.8920940170940171,1.193611110060736,835,9,39.7275641025641,0.0,0,0.08333333333333333,44.532934131736525,5.954545454545454,0.9545454545454546,0.9585253456221198,3.0,3.0,1.0
P00265,Hydraulics,B,397.06,34,SUP007,Low,Yes,1.9059829059829059,1.900668752481438,1784,13,18.604700854700855,0.0,0,0.02564102564102564,9.761210762331839,0.46153846153846156,0.5164835164835165,0.9750623441396509,1.0,1.0,1.0
P00266,Fasteners,C,1352.93,28,SUP020,Low,No,3.3814102564102564,2.9633837680333204,3165,18,21.266025641025642,0.060897435897435896,57,0.0405982905982906,6.289099526066351,0.0,0.43312101910828027,0.9918319719953326,2.0,2.0,1.0
P00267,Cabin,C,217.89,58,SUP009,Medium,No,5.698717948717949,5.6012831285462985,5334,69,95.6923076923077,0.0,0,0.045940170940170943,16.791901012373454,1.8186528497409327,0.7150259067357513,0.9704131336821216,3.0,3.0,1.0
P00268,Cabin,C,427.4,46,SUP036,Low,No,5.228632478632479,4.215970736482862,4894,33,61.02777777777778,0.0,0,0.08333333333333333,11.671843073150796,0.2376237623762376,0.4306930693069307,0.9597712482745021,2.0,11.0,5.5
P00269,Avionics,B,794.41,42,SUP011,Low,Yes,3.1292735042735043,3.0548213678194873,2929,24,38.037393162393165,0.003205128205128205,3,0.03632478632478633,12.15534312051895,0.24822695035460993,0.425531914893617,0.9787505312367191,2.0,2.0,1.0
P00270,Electrical,B,3295.81,52,SUP006,Medium,No,1.9401709401709402,1.8588276371551895,1816,12,33.00961538461539,0.0,0,0.03952991452991453,17.01376651982379,2.0425531914893615,0.6914893617021277,0.9501779359430605,1.0,1.0,1.0
P00271,Cabin,A,4616.09,67,SUP023,Medium,No,1.4957264957264957,1.5987906211412104,1400,9,46.80982905982906,0.0,0,0.03311965811965812,31.295714285714286,2.5972222222222223,0.7777777777777778,0.948051948051948,3.0,3.0,1.0
P00272,Avionics,C,202.26,48,SUP036,Low,No,4.223290598290598,3.799286770240057,3953,24,49.327991452991455,0.0,0,0.028846153846153848,11.67998988110296,0.4378698224852071,0.4378698224852071,0.980325853058715,1.0,1.0,1.0
P00273,Fasteners,C,1911.63,31,SUP037,Low,No,3.4882478632478633,3.3309231311069047,3265,26,22.228632478632477,0.017094017094017096,16,0.03311965811965812,6.372434915773353,0.11333333333333333,0.44,0.9662845583277141,0.0,0.0,0.0
P00274,Avionics,C,219.07,39,SUP004,Low,No,3.5844017094017095,2.904418957595083,3355,20,35.38461538461539,0.0010683760683760685,1,0.035256410256410256,9.87183308494784,0.28402366863905326,0.40828402366863903,0.9861603974449965,1.0,1.0,1.0
P00275,Engine,C,1039.59,45,SUP014,Medium,Yes,1.623931623931624,1.6821249394433373,1520,12,19.604700854700855,0.0,0,0.024572649572649572,12.072368421052632,2.2911392405063293,0.6835443037974683,0.9709208400646203,1.0,1.0,1.0
P00276,Engine,B,1238.4,41,SUP007,Low,Yes,1.1912393162393162,1.5251082761222006,1115,11,14.344017094017094,0.0,0,0.026709401709401708,12.041255605381165,0.6551724137931034,0.4827586206896552,0.9811320754716981,1.0,1.0,1.0
P00277,Electrical,C,1230.77,46,SUP013,Medium,No,2.485042735042735,2.5089765257427015,2326,17,35.175213675213676,0.002136752136752137,2,0.018162393162393164,14.154772141014618,1.925,0.6333333333333333,0.9690122659780503,2.0,2.0,1.0
P00278,Fasteners,B,5445.91,22,SUP022,Low,No,2.6185897435897436,2.3837319723495853,2451,21,14.59508547008547,0.06517094017094018,61,0.024572649572649572,5.573643410852713,0.29365079365079366,0.4603174603174603,0.9763593380614657,1.0,1.0,1.0
P00279,Fasteners,A,10994.03,33,SUP012,Low,No,0.9305555555555556,1.2446618040801076,871,9,11.803418803418804,0.0,0,0.022435897435897436,12.684270952927669,0.1590909090909091,0.45454545454545453,0.9802371541501976,0.0,0.0,0.0
P00280,Cabin,B,1437.7,54,SUP003,Medium,No,4.8739316239316235,4.225353060161984,4562,33,96.76282051282051,0.0,0,0.14102564102564102,19.853134590092065,1.7837837837837838,0.6810810810810811,0.9693265170037786,2.0,7.0,3.5
P00281,Fasteners,A,10105.58,62,SUP021,Medium,No,1.016025641025641,1.196590349974458,951,8,27.58974358974359,0.0,0,0.05235042735042735,27.154574132492115,1.625,0.6666666666666666,0.9841897233201581,1.0,1.0,1.0
P00282,Electrical,B,2754.0,32,SUP003,Medium,No,0.8301282051282052,1.602801819747357,777,13,8.76923076923077,0.023504273504273504,22,0.011752136752136752,10.563706563706564,1.829268292682927,0.6341463414634146,0.9324324324324325,0.0,0.0,0.0
P00283,LandingGear,A,5930.81,18,SUP010,Low,Yes,0.6976495726495726,1.0349170464883242,653,7,4.394230769230769,0.024572649572649572,23,0.005341880341880342,6.298621745788668,0.17142857142857143,0.42857142857142855,0.9814814814814815,3.0,3.0,1.0
P00284,Fasteners,B,2827.57,50,SUP001,Low,No,2.3621794871794872,2.134569338484469,2211,17,33.83440170940171,0.0,0,0.021367521367521368,14.323383084577115,0.20869565217391303,0.4260869565217391,0.9762815608263198,0.0,0.0,0.0
P00285,Fasteners,C,912.56,43,SUP004,Low,No,2.6335470085470085,2.592730813972722,2465,20,25.965811965811966,0.0,0,0.042735042735042736,9.859634888438134,0.10655737704918032,0.4098360655737705,0.98330122029544,0.0,0.0,0.0
P00286,Electrical,B,3853.73,38,SUP018,Medium,No,0.8621794871794872,1.6870761195009956,807,12,9.777777777777779,0.013888888888888888,13,0.007478632478632479,11.340768277571252,2.6136363636363638,0.7272727272727273,0.9938650306748467,0.0,0.0,0.0
P00287,Cabin,B,2066.75,39,SUP035,Low,No,4.299145299145299,3.646731642871772,4024,27,51.94444444444444,0.009615384615384616,9,0.04807692307692308,12.082504970178926,0.532258064516129,0.478494623655914,0.9828965517241379,0.0,0.0,0.0
P00288,Electrical,C,966.42,24,SUP031,Low,No,0.9668803418803419,1.897359068230092,905,23,3.894230769230769,0.1623931623931624,152,0.002136752136752137,4.027624309392265,0.5217391304347826,0.5,0.9831932773109243,0.0,0.0,0.0
P00289,Structure,C,356.43,33,SUP004,Low,No,3.1645299145299144,3.249790185438368,2962,29,25.96688034188034,0.016025641025641024,15,0.042735042735042736,8.205604321404456,0.10144927536231885,0.41304347826086957,0.9820008371703641,2.0,2.0,1.0
P00290,LandingGear,C,1164.96,49,SUP002,Medium,Yes,1.4059829059829059,2.7145333741325937,1316,29,21.074786324786324,0.0010683760683760685,1,0.021367521367521368,14.98936170212766,1.8529411764705883,0.6764705882352942,0.9664536741214057,1.0,1.0,1.0
P00291,Hydraulics,B,1374.28,46,SUP014,Medium,Yes,1.5747863247863247,1.7077254338747274,1474,12,27.76816239316239,0.0,0,0.03311965811965812,17.632971506105832,1.9605263157894737,0.7236842105263158,0.972176759410802,1.0,1.0,1.0
P00292,Engine,C,334.17,49,SUP027,Medium,Yes,0.6891025641025641,1.3799670019126362,645,9,9.532051282051283,0.003205128205128205,3,0.010683760683760684,13.832558139534886,2.1142857142857143,0.7428571428571429,0.9838709677419355,0.0,0.0,0.0
P00293,Hydraulics,B,769.12,43,SUP030,Low,No,1.482905982905983,1.7223682538430962,1388,18,17.746794871794872,0.0,0,0.023504273504273504,11.96757925072046,0.647887323943662,0.49295774647887325,0.9625212947189097,1.0,1.0,1.0
P00294,Cabin,B,3005.67,100,SUP033,High,No,3.4722222222222223,3.2780713283860887,3250,47,144.02777777777777,0.0,0,0.17841880341880342,41.48,6.19620253164557,0.9746835443037974,0.9403157489410858,3.0,7.0,2.3333333333333335
P00295,Structure,C,320.21,32,SUP014,Medium,No,3.22008547008547,3.906208193706539,3014,35,32.06944444444444,0.002136752136752137,2,0.0202991452991453,9.959190444591904,2.0555555555555554,0.6746031746031746,0.9493069306930693,1.0,1.0,1.0
P00296,Fasteners,C,720.63,28,SUP007,Low,No,1.455128205128205,2.573438030933306,1362,18,8.955128205128204,0.10042735042735043,94,0.01282051282051282,6.154185022026431,0.6428571428571429,0.4857142857142857,0.9903288201160542,0.0,0.0,0.0
P00297,LandingGear,C,1258.51,52,SUP002,Medium,Yes,2.924145299145299,2.8158478774083573,2737,17,42.44017094017094,0.0,0,0.023504273504273504,14.513701132626963,2.585185185185185,0.7407407407407407,0.9656574785359241,3.0,3.0,1.0
P00298,Avionics,C,305.2,61,SUP006,Medium,Yes,3.7104700854700856,3.1849474501264132,3473,20,69.7051282051282,0.0,0,0.16666666666666666,18.786063921681542,2.142857142857143,0.6904761904761905,0.9715762273901809,1.0,1.0,1.0
P00299,Fasteners,C,692.47,39,SUP003,Medium,No,3.155982905982906,3.0368902078387428,2954,33,38.85470085470085,0.03418803418803419,32,0.045940170940170943,12.31144211238998,2.0476190476190474,0.6938775510204082,0.9665750915750916,2.0,2.0,1.0
P00300,Fasteners,B,3351.06,32,SUP035,Low,No,2.8215811965811968,3.234044182632366,2641,23,28.058760683760685,0.003205128205128205,3,0.03311965811965812,9.944339265429761,0.02564102564102564,0.38461538461538464,0.9920042643923241,0.0,0.0,0.0
