supplier_id,total_orders,avg_delay_days,late_orders,total_ordered,total_received,late_delivery_rate,fill_rate,quality_incidents,total_scrap,avg_scrap,delay_risk,late_delivery_risk,fill_rate_risk,quality_risk,scrap_risk,supplier_risk_score,risk_category
SUP033,631,6.088748019017433,608,8272,7810,0.9635499207606973,0.9441489361702128,11,15,1.3636363636363635,1.0,1.0,0.975,0.75,0.7875,0.9131250000000001,Critical
SUP006,1096,2.114051094890511,752,16781,16159,0.6861313868613139,0.9629342709016149,18,19,1.0555555555555556,0.85,0.75,0.825,0.925,0.9125,0.8443750000000001,Critical
SUP013,1156,2.033737024221453,793,14293,13772,0.6859861591695502,0.9635485902189883,19,19,1.0,0.725,0.725,0.8,0.95,0.9125,0.813125,Critical
SUP027,1311,2.015255530129672,897,23791,22955,0.6842105263157895,0.9648606615947207,24,29,1.2083333333333333,0.7,0.7,0.7,1.0,1.0,0.805,Critical
SUP002,763,2.2450851900393185,548,15601,15100,0.7182175622542595,0.9678866739311582,10,14,1.4,0.95,0.95,0.55,0.65,0.725,0.77625,Critical
SUP024,821,2.035322777101096,557,16150,15587,0.6784409257003654,0.9651393188854489,16,16,1.0,0.75,0.675,0.675,0.9,0.8375,0.759375,Critical
SUP038,967,1.9441571871768355,652,18714,18054,0.6742502585315409,0.9647322859890991,15,26,1.7333333333333334,0.65,0.625,0.725,0.875,0.9625,0.7506250000000001,Critical
SUP014,843,2.0818505338078293,583,13834,13365,0.6915776986951364,0.9660980193725603,11,11,1.0,0.825,0.8,0.65,0.75,0.5625,0.729375,High
SUP023,280,2.367857142857143,206,2607,2510,0.7357142857142858,0.9627924817798236,7,7,1.0,0.975,0.975,0.85,0.4,0.2625,0.728125,High
SUP040,1215,1.8674897119341565,805,16905,16303,0.6625514403292181,0.9643892339544513,22,26,1.1818181818181819,0.525,0.525,0.75,0.975,0.9625,0.7256250000000001,High
SUP021,523,2.078393881453155,367,9353,8919,0.7017208413001912,0.9535977761146156,8,10,1.25,0.8,0.85,0.925,0.5,0.45,0.7250000000000001,High
SUP026,680,2.1588235294117646,480,10582,10232,0.7058823529411765,0.9669249669249669,10,10,1.0,0.875,0.925,0.6,0.65,0.45,0.72375,High
SUP009,649,1.9275808936825887,453,11741,11357,0.6979969183359014,0.9672940976066775,11,16,1.4545454545454546,0.6,0.825,0.575,0.75,0.8375,0.716875,High
SUP025,543,2.0681399631675874,375,7031,6745,0.6906077348066298,0.9593229981510454,7,11,1.5714285714285714,0.775,0.775,0.875,0.4,0.5625,0.688125,High
SUP039,306,2.179738562091503,215,2342,2241,0.7026143790849673,0.9568744662681469,5,5,1.0,0.9,0.9,0.9,0.175,0.1375,0.6406250000000001,High
SUP018,607,1.8813838550247117,411,8804,8511,0.6771004942339374,0.9667196728759655,11,11,1.0,0.55,0.65,0.625,0.75,0.5625,0.6318750000000001,High
SUP015,413,2.205811138014528,290,3536,3430,0.7021791767554479,0.9700226244343891,6,6,1.0,0.925,0.875,0.5,0.275,0.1875,0.586875,High
SUP016,385,1.9948051948051948,256,5420,5226,0.6649350649350649,0.9642066420664207,6,12,2.0,0.675,0.575,0.775,0.275,0.6375,0.584375,High
SUP037,842,0.28859857482185275,372,10929,10649,0.4418052256532066,0.9743800896696861,12,12,1.0,0.375,0.4,0.475,0.825,0.6375,0.530625,High
SUP003,633,1.914691943127962,424,9558,9261,0.669826224328594,0.9689265536723164,6,11,1.8333333333333333,0.575,0.6,0.525,0.275,0.5625,0.509375,High
SUP034,578,0.3615916955017301,257,6349,6218,0.444636678200692,0.9793668294219562,10,13,1.3,0.475,0.45,0.25,0.65,0.675,0.48875,Medium
SUP005,436,1.9311926605504588,289,4791,4556,0.6628440366972477,0.9509496973491964,1,1,1.0,0.625,0.55,0.95,0.025,0.025,0.46125,Medium
SUP036,840,0.2988095238095238,354,15202,14834,0.42142857142857143,0.9757926588606762,7,18,2.5714285714285716,0.4,0.2,0.42500000000000004,0.4,0.875,0.42625,Medium
SUP008,587,0.1839863713798978,258,9797,9554,0.4395229982964225,0.975196488721037,9,10,1.1111111111111112,0.15,0.375,0.44999999999999996,0.575,0.45,0.39625,Medium
SUP030,1171,0.2049530315969257,493,16462,16156,0.4210076857386849,0.981411736119548,13,14,1.0769230769230769,0.175,0.15,0.17500000000000004,0.85,0.725,0.38625000000000004,Medium
SUP017,1306,0.12633996937212863,539,21270,20763,0.4127105666156202,0.976163610719323,11,14,1.2727272727272727,0.125,0.1,0.375,0.75,0.725,0.38375000000000004,Medium
SUP010,930,0.35268817204301073,402,13221,12946,0.432258064516129,0.9791997579608199,8,8,1.0,0.45,0.275,0.30000000000000004,0.5,0.35,0.37124999999999997,Medium
SUP019,691,0.22141823444283648,302,7604,7450,0.4370477568740955,0.9797475013150974,9,10,1.1111111111111112,0.2,0.325,0.22499999999999998,0.575,0.45,0.34875,Medium
SUP022,730,0.2547945205479452,328,10481,10235,0.44931506849315067,0.9765289571605763,6,7,1.1666666666666667,0.25,0.475,0.35,0.275,0.2625,0.333125,Medium
SUP035,699,0.25894134477825465,306,10611,10405,0.43776824034334766,0.9805861841485252,3,15,5.0,0.3,0.35,0.19999999999999996,0.0875,0.7875,0.323125,Medium
SUP011,565,0.2849557522123894,238,8563,8386,0.42123893805309737,0.9793296741796099,7,7,1.0,0.35,0.175,0.275,0.4,0.2625,0.288125,Medium
SUP028,793,0.11475409836065574,326,13934,13636,0.4110970996216898,0.9786134634706474,9,10,1.1111111111111112,0.1,0.075,0.32499999999999996,0.575,0.45,0.28625,Medium
SUP007,831,0.3935018050541516,389,10503,10315,0.4681107099879663,0.9821003522803009,2,2,1.0,0.5,0.5,0.125,0.05,0.05,0.2675,Medium
SUP031,803,0.3138231631382316,356,8848,8687,0.44333748443337484,0.9818037974683544,4,4,1.0,0.425,0.425,0.15000000000000002,0.125,0.1,0.26125,Medium
SUP029,684,0.2222222222222222,292,8889,8741,0.4269005847953216,0.9833502081223985,7,7,1.0,0.225,0.25,0.07499999999999996,0.4,0.2625,0.241875,Low
SUP004,662,0.256797583081571,288,8703,8556,0.4350453172205438,0.9831092726645985,6,6,1.0,0.275,0.3,0.09999999999999998,0.275,0.1875,0.23312500000000003,Low
SUP001,659,0.26707132018209406,278,7839,7650,0.4218512898330804,0.9758897818599311,3,3,1.0,0.325,0.225,0.4,0.0875,0.075,0.23,Low
SUP012,1163,0.09114359415305245,486,14886,14705,0.4178847807394669,0.9878409243584576,8,8,1.0,0.075,0.125,0.0,0.5,0.35,0.19874999999999998,Low
SUP032,441,-0.08390022675736962,171,5007,4944,0.3877551020408163,0.987417615338526,5,8,1.6,0.025,0.025,0.025000000000000022,0.175,0.35,0.10375000000000001,Low
SUP020,433,0.04849884526558892,172,5495,5414,0.3972286374133949,0.9852593266606006,5,5,1.0,0.05,0.05,0.050000000000000044,0.175,0.1375,0.08812500000000001,Low
