supplier_id_primary,total_parts,average_risk,maximum_risk,immediate_action_parts,high_priority_parts
SUP033,7,0.6819858708225076,0.780501777476725,2,5
SUP027,11,0.6499592402131632,0.7199189829030812,0,8
SUP013,13,0.6395771831442374,0.7056883690499347,0,12
SUP006,10,0.6321166023439544,0.6972232153981011,0,7
SUP038,8,0.6295080656175741,0.6834910422884024,0,7
SUP023,4,0.6242921859529131,0.7117391818375547,0,2
SUP024,6,0.623440328451336,0.6430107748577465,0,5
SUP002,6,0.6171055484907132,0.6503486846690196,0,4
SUP009,5,0.6155651574634382,0.6748499439729639,0,4
SUP039,4,0.6132141067525197,0.6526222240647093,0,2
SUP040,11,0.610489915747273,0.6826659157111998,0,8
SUP014,9,0.6094928381871123,0.6840659223007599,0,6
SUP021,6,0.6055354996636767,0.645142428266167,0,4
SUP025,5,0.5843747912303725,0.619516017865184,0,2
SUP018,6,0.5827038603541729,0.631168047716826,0,1
SUP026,7,0.5757194748273993,0.6288504065512992,0,2
SUP016,4,0.5678575507798341,0.6078998471310273,0,1
SUP015,7,0.5607956601832137,0.6152637622083024,0,2
SUP037,8,0.5605416417872262,0.590350087618335,0,0
SUP008,6,0.5298146705727214,0.5625611909762336,0,0
SUP034,7,0.5249962192517262,0.5723334118201782,0,0
SUP003,6,0.5235744958751447,0.5728486721344053,0,0
SUP010,9,0.4962121555772277,0.5586394050452352,0,0
SUP022,7,0.4948945223012807,0.5614255536773197,0,0
SUP019,8,0.49155899917467794,0.5339760050253486,0,0
SUP017,12,0.4822826720397839,0.5245352795903009,0,0
SUP036,8,0.47850365624116165,0.5038474123020402,0,0
SUP005,6,0.4757867644882065,0.5316481736932103,0,0
SUP030,12,0.4623819212883309,0.5097554586922409,0,0
SUP028,8,0.4470705419946006,0.4958044820740611,0,0
SUP011,5,0.43774270134933924,0.4775304012669638,0,0
SUP035,7,0.43662434719848264,0.5015662073463095,0,0
SUP029,8,0.40687864330671003,0.4576397900529956,0,0
SUP007,9,0.4050574981391413,0.4369455598685557,0,0
SUP031,9,0.40483462622975347,0.4737263418517561,0,0
SUP004,6,0.4041296710380032,0.4483628913539076,0,0
SUP012,14,0.39100705976143557,0.4621778497979385,0,0
SUP020,4,0.38264024501774413,0.404410672822483,0,0
SUP001,7,0.3766455135891376,0.4325424165087194,0,0
SUP032,5,0.32646748187883096,0.3747880662324968,0,0
